0;4;StartingGui
0;5;EncryptedTextMessage
0;3;UserInterface
1;5;ChatMessage
1;6;LoginInterface
1;7;ClientGUI
1;4;Message
1;3;ColorMessage
2;7;TransportEncryption
2;2;ChatComponent
3;4;AuthMessage
3;3;AuthMessage
4;4;ChatListener
4;5;HistoryWriter
4;2;LogWriter
5;8;Server
5;5;Server
5;6;Server
5;3;Server
5;2;Server
5;1;Server
6;4;Starter
6;7;Server
7;5;Gui
7;6;Gui
7;8;Gui
7;2;Gui
7;4;ChatGui
7;1;Gui
8;8;Client
8;3;Client
8;4;Client
8;5;Client
8;6;Client
8;2;Client
8;1;Client
9;7;ServerThread
9;4;Connection
9;5;Connection
9;6;Connection
9;8;Connection
9;2;Connection
9;3;Connection
9;1;Connection
10;7;ProtocolException
10;2;TextMessage
10;6;TextMessage
10;8;TextMessage
10;3;TextMessage
10;4;TextMessage
10;5;TextMessage
10;1;TextMessage
11;4;Server
11;5;ConnectionMessage
12;5;ConnectionInterface
12;7;Client
13;3;ChatLineListener
13;2;ChatLineListener
13;5;ChatLineListener
13;6;ChatLineListener
13;8;ChatLineListener
