0;3;Neighbor
0;7;Neighbor
0;6;Neighbor
0;2;Neighbor
1;7;WorkSpaceTranspose
1;9;WorkSpaceTranspose
1;5;WorkSpaceTranspose
2;7;FinishTimeWorkSpace
2;9;FinishTimeWorkSpace
2;5;FinishTimeWorkSpace
3;4;NumberWorkSpace
3;7;NumberWorkSpace
3;8;NumberWorkSpace
3;3;NumberWorkSpace
4;6;GlobalVarsWrapper
4;8;GlobalVarsWrapper
4;9;GlobalVarsWrapper
4;5;GlobalVarsWrapper
5;7;Vertex
5;8;Vertex
5;9;Vertex
5;4;Vertex
5;5;Vertex
5;6;Vertex
5;2;Vertex
5;3;Vertex
5;1;Vertex
6;7;Graph
6;8;Graph
6;9;Graph
6;4;Graph
6;5;Graph
6;6;Graph
6;2;Graph
6;3;Graph
6;1;Graph
7;4;RegionWorkSpace
7;5;RegionWorkSpace
7;6;RegionWorkSpace
7;9;RegionWorkSpace
7;3;RegionWorkSpace
8;4;Neighbor
8;5;Neighbor
8;8;Neighbor
8;9;Neighbor
8;1;Neighbor
9;6;Edge
9;7;Edge
9;8;Edge
9;9;Edge
9;3;Edge
9;4;Edge
9;5;Edge
9;1;Edge
10;2;EdgeIfc
10;3;EdgeIfc
10;4;EdgeIfc
10;5;EdgeIfc
10;6;EdgeIfc
10;7;EdgeIfc
10;8;EdgeIfc
10;9;EdgeIfc
10;1;EdgeIfc
11;2;WorkSpace
11;3;WorkSpace
11;4;WorkSpace
11;5;WorkSpace
11;6;WorkSpace
11;7;WorkSpace
11;8;WorkSpace
11;9;WorkSpace
11;1;WorkSpace
12;2;VertexIter
12;3;VertexIter
12;4;VertexIter
12;5;VertexIter
12;6;VertexIter
12;7;VertexIter
12;8;VertexIter
12;9;VertexIter
12;1;VertexIter
13;2;NeighborIfc
13;3;NeighborIfc
13;4;NeighborIfc
13;5;NeighborIfc
13;6;NeighborIfc
13;7;NeighborIfc
13;8;NeighborIfc
13;9;NeighborIfc
13;1;NeighborIfc
14;2;Main
14;3;Main
14;4;Main
14;5;Main
14;6;Main
14;7;Main
14;8;Main
14;9;Main
14;1;Main
15;2;EdgeIter
15;3;EdgeIter
15;4;EdgeIter
15;5;EdgeIter
15;6;EdgeIter
15;7;EdgeIter
15;8;EdgeIter
15;9;EdgeIter
15;1;EdgeIter
16;4;CycleWorkSpace
16;3;CycleWorkSpace
16;5;CycleWorkSpace
16;6;CycleWorkSpace
16;7;CycleWorkSpace
16;9;CycleWorkSpace
