0;7;PhotoViewScreen
0;6;PlayMediaScreen
1;6;MusicPlayController
1;7;MediaController
1;4;PhotoViewController
2;6;MediaListScreen
2;5;MediaListScreen
2;7;MediaListScreen
3;7;ImageMediaAccessor
3;6;MusicMediaAccessor
4;6;AlbumListScreen
4;7;AlbumListScreen
4;3;AlbumListScreen
5;7;PasswordScreen
5;3;PasswordScreen
6;7;NewLabelScreen
6;3;NewLabelScreen
7;4;MediaAccessor
7;7;MediaAccessor
7;3;MediaAccessor
8;4;AlbumData
8;7;AlbumData
8;3;AlbumData
9;7;MainUIMidlet
9;2;MainUIMidlet
9;6;MainUIMidlet
9;1;MainUIMidlet
10;5;MediaUtil
10;7;MediaUtil
10;4;MediaUtil
10;8;MediaUtil
10;3;MediaUtil
10;1;MediaUtil
11;4;MediaListScreen
11;8;MediaListScreen
11;3;MediaListScreen
12;7;MediaListController
12;5;MediaListController
12;8;MediaListController
12;4;MediaListController
12;3;MediaListController
13;4;MediaData
13;5;MediaData
13;8;MediaData
13;3;MediaData
14;4;MediaController
14;5;MediaController
14;8;MediaController
14;3;MediaController
15;7;AlbumController
15;3;AlbumController
