0,8,ChatState
0,4,ChatState
0,7,ChatState
0,2,ChatState
1,7,ChatStateMessage
1,8,ChatStateMessage
1,2,ChatStateMessage
2,4,MessageFrame
2,7,MessageFrame
2,8,MessageFrame
2,2,MessageFrame
2,3,MessageFrame
2,5,MessageFrame
2,6,MessageFrame
2,1,MessageFrame
3,4,ThemeChooser
3,7,ThemeChooser
3,8,ThemeChooser
3,1,ThemeChooser
4,4,IndividualTheme
4,7,IndividualTheme
4,8,IndividualTheme
4,1,IndividualTheme
5,4,ContactComposingEvent
5,7,ContactComposingEvent
5,8,ContactComposingEvent
5,2,ContactComposingEvent
6,6,Contact
6,7,Contact
6,8,Contact
6,4,Contact
6,5,Contact
6,2,Contact
6,3,Contact
6,1,Contact
7,4,ContactListener
7,7,ContactListener
7,8,ContactListener
7,3,ContactListener
7,5,ContactListener
7,6,ContactListener
7,2,ContactListener
7,1,ContactListener
8,4,XMPPMessageHandler
8,7,XMPPMessageHandler
8,8,XMPPMessageHandler
8,3,XMPPMessageHandler
8,5,XMPPMessageHandler
8,6,XMPPMessageHandler
8,2,XMPPMessageHandler
8,1,XMPPMessageHandler
9,2,StartupDialog
9,3,StartupDialog
9,4,StartupDialog
9,5,StartupDialog
9,6,StartupDialog
9,7,StartupDialog
9,8,StartupDialog
9,1,StartupDialog
10,2,Message
10,3,Message
10,4,Message
10,5,Message
10,6,Message
10,7,Message
10,8,Message
10,1,Message
11,6,TextMessage
11,7,TextMessage
11,8,TextMessage
11,2,TextMessage
11,3,TextMessage
11,4,TextMessage
11,5,TextMessage
11,1,TextMessage
12,6,ContactPanel
12,7,ContactPanel
12,8,ContactPanel
12,2,ContactPanel
12,3,ContactPanel
12,4,ContactPanel
12,5,ContactPanel
12,1,ContactPanel
13,2,ConnectionCallback
13,3,ConnectionCallback
13,4,ConnectionCallback
13,5,ConnectionCallback
13,6,ConnectionCallback
13,7,ConnectionCallback
13,8,ConnectionCallback
13,1,ConnectionCallback
14,2,XMPPWriter
14,3,XMPPWriter
14,4,XMPPWriter
14,5,XMPPWriter
14,6,XMPPWriter
14,7,XMPPWriter
14,8,XMPPWriter
14,1,XMPPWriter
15,2,XMPPRosterHandler
15,3,XMPPRosterHandler
15,4,XMPPRosterHandler
15,5,XMPPRosterHandler
15,6,XMPPRosterHandler
15,7,XMPPRosterHandler
15,8,XMPPRosterHandler
15,1,XMPPRosterHandler
16,2,XMPPReaderTopLevel
16,3,XMPPReaderTopLevel
16,4,XMPPReaderTopLevel
16,5,XMPPReaderTopLevel
16,6,XMPPReaderTopLevel
16,7,XMPPReaderTopLevel
16,8,XMPPReaderTopLevel
16,1,XMPPReaderTopLevel
17,2,XMPPReaderSubLevel
17,3,XMPPReaderSubLevel
17,4,XMPPReaderSubLevel
17,5,XMPPReaderSubLevel
17,6,XMPPReaderSubLevel
17,7,XMPPReaderSubLevel
17,8,XMPPReaderSubLevel
17,1,XMPPReaderSubLevel
18,2,XMPPReaderLogin
18,3,XMPPReaderLogin
18,4,XMPPReaderLogin
18,5,XMPPReaderLogin
18,6,XMPPReaderLogin
18,7,XMPPReaderLogin
18,8,XMPPReaderLogin
18,1,XMPPReaderLogin
19,2,XMPPReaderIgnore
19,3,XMPPReaderIgnore
19,4,XMPPReaderIgnore
19,5,XMPPReaderIgnore
19,6,XMPPReaderIgnore
19,7,XMPPReaderIgnore
19,8,XMPPReaderIgnore
19,1,XMPPReaderIgnore
20,2,XMPPReaderAdapter
20,3,XMPPReaderAdapter
20,4,XMPPReaderAdapter
20,5,XMPPReaderAdapter
20,6,XMPPReaderAdapter
20,7,XMPPReaderAdapter
20,8,XMPPReaderAdapter
20,1,XMPPReaderAdapter
21,2,XMPPReader
21,3,XMPPReader
21,4,XMPPReader
21,5,XMPPReader
21,6,XMPPReader
21,7,XMPPReader
21,8,XMPPReader
21,1,XMPPReader
22,2,XMPPPresenceHandler
22,3,XMPPPresenceHandler
22,4,XMPPPresenceHandler
22,5,XMPPPresenceHandler
22,6,XMPPPresenceHandler
22,7,XMPPPresenceHandler
22,8,XMPPPresenceHandler
22,1,XMPPPresenceHandler
23,2,XMPPIqHandler
23,3,XMPPIqHandler
23,4,XMPPIqHandler
23,5,XMPPIqHandler
23,6,XMPPIqHandler
23,7,XMPPIqHandler
23,8,XMPPIqHandler
23,1,XMPPIqHandler
24,2,XMPPAuthHandler
24,3,XMPPAuthHandler
24,4,XMPPAuthHandler
24,5,XMPPAuthHandler
24,6,XMPPAuthHandler
24,7,XMPPAuthHandler
24,8,XMPPAuthHandler
24,1,XMPPAuthHandler
25,2,XMLTag
25,3,XMLTag
25,4,XMLTag
25,5,XMLTag
25,6,XMLTag
25,7,XMLTag
25,8,XMLTag
25,1,XMLTag
26,2,UserState
26,3,UserState
26,4,UserState
26,5,UserState
26,6,UserState
26,7,UserState
26,8,UserState
26,1,UserState
27,2,UnknownXMLException
27,3,UnknownXMLException
27,4,UnknownXMLException
27,5,UnknownXMLException
27,6,UnknownXMLException
27,7,UnknownXMLException
27,8,UnknownXMLException
27,1,UnknownXMLException
28,2,Subscription
28,3,Subscription
28,4,Subscription
28,5,Subscription
28,6,Subscription
28,7,Subscription
28,8,Subscription
28,1,Subscription
29,2,Stack
29,3,Stack
29,4,Stack
29,5,Stack
29,6,Stack
29,7,Stack
29,8,Stack
29,1,Stack
30,2,SaslCallbackHandler
30,3,SaslCallbackHandler
30,4,SaslCallbackHandler
30,5,SaslCallbackHandler
30,6,SaslCallbackHandler
30,7,SaslCallbackHandler
30,8,SaslCallbackHandler
30,1,SaslCallbackHandler
31,2,Roster
31,3,Roster
31,4,Roster
31,5,Roster
31,6,Roster
31,7,Roster
31,8,Roster
31,1,Roster
32,2,RestartStreamException
32,3,RestartStreamException
32,4,RestartStreamException
32,5,RestartStreamException
32,6,RestartStreamException
32,7,RestartStreamException
32,8,RestartStreamException
32,1,RestartStreamException
33,2,Resource
33,3,Resource
33,4,Resource
33,5,Resource
33,6,Resource
33,7,Resource
33,8,Resource
33,1,Resource
34,2,PresenceInformation
34,3,PresenceInformation
34,4,PresenceInformation
34,5,PresenceInformation
34,6,PresenceInformation
34,7,PresenceInformation
34,8,PresenceInformation
34,1,PresenceInformation
35,2,PKjabToolkit
35,3,PKjabToolkit
35,4,PKjabToolkit
35,5,PKjabToolkit
35,6,PKjabToolkit
35,7,PKjabToolkit
35,8,PKjabToolkit
35,1,PKjabToolkit
36,2,PKjab
36,3,PKjab
36,4,PKjab
36,5,PKjab
36,6,PKjab
36,7,PKjab
36,8,PKjab
36,1,PKjab
37,2,Observer
37,3,Observer
37,4,Observer
37,5,Observer
37,6,Observer
37,7,Observer
37,8,Observer
37,1,Observer
38,2,Observable
38,3,Observable
38,4,Observable
38,5,Observable
38,6,Observable
38,7,Observable
38,8,Observable
38,1,Observable
39,2,MessageReceivedEvent
39,3,MessageReceivedEvent
39,4,MessageReceivedEvent
39,5,MessageReceivedEvent
39,6,MessageReceivedEvent
39,7,MessageReceivedEvent
39,8,MessageReceivedEvent
39,1,MessageReceivedEvent
40,2,Jid
40,3,Jid
40,4,Jid
40,5,Jid
40,6,Jid
40,7,Jid
40,8,Jid
40,1,Jid
41,2,Iq
41,3,Iq
41,4,Iq
41,5,Iq
41,6,Iq
41,7,Iq
41,8,Iq
41,1,Iq
42,2,InvalidXMLException
42,3,InvalidXMLException
42,4,InvalidXMLException
42,5,InvalidXMLException
42,6,InvalidXMLException
42,7,InvalidXMLException
42,8,InvalidXMLException
42,1,InvalidXMLException
43,2,DefaultTheme
43,3,DefaultTheme
43,4,DefaultTheme
43,5,DefaultTheme
43,6,DefaultTheme
43,7,DefaultTheme
43,8,DefaultTheme
43,1,DefaultTheme
44,2,ContactStateEvent
44,3,ContactStateEvent
44,4,ContactStateEvent
44,5,ContactStateEvent
44,6,ContactStateEvent
44,7,ContactStateEvent
44,8,ContactStateEvent
44,1,ContactStateEvent
45,2,ConnectionThread
45,3,ConnectionThread
45,4,ConnectionThread
45,5,ConnectionThread
45,6,ConnectionThread
45,7,ConnectionThread
45,8,ConnectionThread
45,1,ConnectionThread
46,2,ConnectionState
46,3,ConnectionState
46,4,ConnectionState
46,5,ConnectionState
46,6,ConnectionState
46,7,ConnectionState
46,8,ConnectionState
46,1,ConnectionState
47,2,Connection
47,3,Connection
47,4,Connection
47,5,Connection
47,6,Connection
47,7,Connection
47,8,Connection
47,1,Connection
48,2,Base64
48,3,Base64
48,4,Base64
48,5,Base64
48,6,Base64
48,7,Base64
48,8,Base64
48,1,Base64
49,2,AbstractXMLTag
49,3,AbstractXMLTag
49,4,AbstractXMLTag
49,5,AbstractXMLTag
49,6,AbstractXMLTag
49,7,AbstractXMLTag
49,8,AbstractXMLTag
49,1,AbstractXMLTag
50,2,AbstractTheme
50,1,AbstractTheme
50,3,AbstractTheme
50,4,AbstractTheme
50,5,AbstractTheme
50,6,AbstractTheme
50,7,AbstractTheme
50,8,AbstractTheme
