0;7;SelectMediaController
0;6;SelectMediaController
1;6;AddMediaToAlbum
1;7;AddMediaToAlbum
1;1;NewAlbumScreen
2;7;ImageMediaAccessor
2;6;ImageMediaAccessor
3;7;SmsSenderController
3;6;SmsSenderController
3;5;SmsSenderController
4;7;SelectTypeOfMedia
4;6;SelectTypeOfMedia
5;7;PlayMediaScreen
5;6;PlayMediaScreen
6;7;MusicPlayController
6;6;MusicPlayController
7;7;MusicMediaUtil
7;6;MusicMediaUtil
8;7;MusicMediaAccessor
8;6;MusicMediaAccessor
9;7;MusicAlbumData
9;6;MusicAlbumData
10;7;ImageAlbumData
10;6;ImageAlbumData
11;3;BaseController
11;4;ScreenSingleton
11;2;BaseController
11;1;BaseController
12;7;MediaListController
12;5;PhotoListController
12;6;MediaListController
12;4;PhotoListController
13;5;PhotoViewController
13;6;PhotoViewController
13;7;PhotoViewController
13;4;PhotoViewController
14;6;SmsSenderThread
14;7;SmsSenderThread
14;5;SmsSenderThread
15;6;SmsReceiverThread
15;7;SmsReceiverThread
15;5;SmsReceiverThread
16;6;SmsReceiverController
16;7;SmsReceiverController
16;5;SmsReceiverController
17;6;SmsMessaging
17;7;SmsMessaging
17;5;SmsMessaging
18;6;NetworkScreen
18;7;NetworkScreen
18;5;NetworkScreen
19;6;BaseMessaging
19;7;BaseMessaging
19;5;BaseMessaging
20;5;AlbumController
20;6;AlbumController
20;7;AlbumController
20;4;AlbumController
21;3;PhotoController
21;4;PhotoController
21;5;PhotoController
21;2;PhotoController
22;4;PhotoListScreen
22;5;PhotoListScreen
22;6;MediaListScreen
22;7;MediaListScreen
22;3;PhotoListScreen
22;2;PhotoListScreen
22;1;PhotoListScreen
23;7;AbstractController
23;4;AbstractController
23;5;AbstractController
23;6;AbstractController
24;2;AddPhotoToAlbum
24;3;AddPhotoToAlbum
24;4;AddPhotoToAlbum
24;5;AddPhotoToAlbum
24;1;AddPhotoToAlbum
25;3;AlbumData
25;4;AlbumData
25;5;AlbumData
25;2;AlbumData
25;1;AlbumData
26;4;ImageData
26;5;ImageData
26;6;MediaData
26;7;MediaData
26;3;ImageData
26;2;ImageData
26;1;ImageData
27;5;BaseController
27;6;BaseController
27;7;BaseController
27;4;BaseController
28;2;ImageAccessor
28;3;ImageAccessor
28;4;ImageAccessor
28;5;ImageAccessor
28;1;ImageAccessor
29;2;PhotoViewScreen
29;3;PhotoViewScreen
29;4;PhotoViewScreen
29;5;PhotoViewScreen
29;6;PhotoViewScreen
29;7;PhotoViewScreen
29;1;PhotoViewScreen
30;2;NullAlbumDataReference
30;3;NullAlbumDataReference
30;4;NullAlbumDataReference
30;5;NullAlbumDataReference
30;1;NullAlbumDataReference
31;2;MainUIMidlet
31;3;MainUIMidlet
31;4;MainUIMidlet
31;5;MainUIMidlet
31;1;MainUIMidlet
32;2;ImageUtil
32;3;ImageUtil
32;4;ImageUtil
32;5;ImageUtil
32;1;ImageUtil
33;2;SplashScreen
33;3;SplashScreen
33;4;SplashScreen
33;5;SplashScreen
33;6;SplashScreen
33;1;SplashScreen
34;3;NewLabelScreen
34;4;NewLabelScreen
34;5;NewLabelScreen
34;6;NewLabelScreen
34;7;NewLabelScreen
34;2;NewLabelScreen
35;2;UnavailablePhotoAlbumException
35;3;UnavailablePhotoAlbumException
35;4;UnavailablePhotoAlbumException
35;5;UnavailablePhotoAlbumException
35;6;UnavailablePhotoAlbumException
35;7;UnavailablePhotoAlbumException
35;1;UnavailablePhotoAlbumException
36;2;PersistenceMechanismException
36;3;PersistenceMechanismException
36;4;PersistenceMechanismException
36;5;PersistenceMechanismException
36;6;PersistenceMechanismException
36;7;PersistenceMechanismException
36;1;PersistenceMechanismException
37;2;InvalidPhotoAlbumNameException
37;3;InvalidPhotoAlbumNameException
37;4;InvalidPhotoAlbumNameException
37;5;InvalidPhotoAlbumNameException
37;6;InvalidPhotoAlbumNameException
37;7;InvalidPhotoAlbumNameException
37;1;InvalidPhotoAlbumNameException
38;2;InvalidImageFormatException
38;3;InvalidImageFormatException
38;4;InvalidImageFormatException
38;5;InvalidImageFormatException
38;6;InvalidImageFormatException
38;7;InvalidImageFormatException
38;1;InvalidImageFormatException
39;2;InvalidImageDataException
39;3;InvalidImageDataException
39;4;InvalidImageDataException
39;5;InvalidImageDataException
39;6;InvalidImageDataException
39;7;InvalidImageDataException
39;1;InvalidImageDataException
40;2;InvalidArrayFormatException
40;3;InvalidArrayFormatException
40;4;InvalidArrayFormatException
40;5;InvalidArrayFormatException
40;6;InvalidArrayFormatException
40;7;InvalidArrayFormatException
40;1;InvalidArrayFormatException
41;2;ImagePathNotValidException
41;3;ImagePathNotValidException
41;4;ImagePathNotValidException
41;5;ImagePathNotValidException
41;6;ImagePathNotValidException
41;7;ImagePathNotValidException
41;1;ImagePathNotValidException
42;2;ImageNotFoundException
42;3;ImageNotFoundException
42;4;ImageNotFoundException
42;5;ImageNotFoundException
42;6;ImageNotFoundException
42;7;ImageNotFoundException
42;1;ImageNotFoundException
43;2;ControllerInterface
43;3;ControllerInterface
43;4;ControllerInterface
43;5;ControllerInterface
43;6;ControllerInterface
43;7;ControllerInterface
43;1;ControllerInterface
44;2;Constants
44;3;Constants
44;4;Constants
44;5;Constants
44;6;Constants
44;7;Constants
44;1;Constants
45;2;BaseThread
45;3;BaseThread
45;4;BaseThread
45;5;BaseThread
45;6;BaseThread
45;7;BaseThread
45;1;BaseThread
46;2;AlbumListScreen
46;3;AlbumListScreen
46;4;AlbumListScreen
46;5;AlbumListScreen
46;6;AlbumListScreen
46;7;AlbumListScreen
46;1;AlbumListScreen
47;6;MainUIMidlet
47;7;MainUIMidlet
48;6;MediaController
48;7;MediaController
49;6;AlbumData
49;7;AlbumData
50;6;MediaAccessor
50;7;MediaAccessor
51;6;MediaUtil
51;7;MediaUtil
52;5;ScreenSingleton
52;6;ScreenSingleton
52;7;ScreenSingleton
